[
    {
        "name":"Darth Vader",
        "height":"202",
        "mass":"136",
        "hair_color":"none",
        "skin_color":"white",
        "eye_color":"yellow",
        "birth_year":"41.9BBY",
        "gender":"male",
        "pic":"https://images4.alphacoders.com/813/813003.jpg"
    },
    {
        "name":"Luke Skywalker",
        "height":"172",
        "mass":"77",
        "hair_color":"blond",
        "skin_color":"fair",
        "eye_color":"blue",
        "birth_year":"19BBY",
        "gender":"male",
        "pic":"https://images4.alphacoders.com/813/813003.jpg"
    },
    {
        "name":"Obi-Wan Kenobi",
        "height":"182",
        "mass":"77",
        "hair_color":"auburn, white",
        "skin_color":"fair",
        "eye_color":"blue-gray",
        "birth_year":"57BBY",
        "gender":"male",
        "pic":"https://images4.alphacoders.com/813/813003.jpg"
    },
    {
        "name":"C-3PO",
        "height":"167",
        "mass":"75",
        "hair_color":"n/a",
        "skin_color":"gold",
        "eye_color":"yellow",
        "birth_year":"112BBY",
        "gender":"n/a",
        "pic":"https://images4.alphacoders.com/813/813003.jpg"
    },
    {
        "name":"R2-D2",
        "height":"96",
        "mass":"32",
        "hair_color":"n/a",
        "skin_color":"white, blue",
        "eye_color":"red",
        "birth_year":"33BBY",
        "gender":"n/a",
        "pic":"https://images4.alphacoders.com/813/813003.jpg"
    },
    {
        "name":"Leia Organa",
        "height":"150",
        "mass":"49",
        "hair_color":"brown",
        "skin_color":"light",
        "eye_color":"brown",
        "birth_year":"19BBY",
        "gender":"female",
        "pic":"https://images4.alphacoders.com/813/813003.jpg"
    },
    {
        "name":"Darth Vader",
        "height":"202",
        "mass":"136",
        "hair_color":"none",
        "skin_color":"white",
        "eye_color":"yellow",
        "birth_year":"41.9BBY",
        "gender":"male",
        "pic":"https://images4.alphacoders.com/813/813003.jpg"
    },
    {
        "name":"Darth Vader",
        "height":"202",
        "mass":"136",
        "hair_color":"none",
        "skin_color":"white",
        "eye_color":"yellow",
        "birth_year":"41.9BBY",
        "gender":"male",
        "pic":"https://images4.alphacoders.com/813/813003.jpg"
    },
    {
        "name":"Darth Vader",
        "height":"202",
        "mass":"136",
        "hair_color":"none",
        "skin_color":"white",
        "eye_color":"yellow",
        "birth_year":"41.9BBY",
        "gender":"male",
        "pic":"https://images4.alphacoders.com/813/813003.jpg"
    },
    {
        "name":"Darth Vader",
        "height":"202",
        "mass":"136",
        "hair_color":"none",
        "skin_color":"white",
        "eye_color":"yellow",
        "birth_year":"41.9BBY",
        "gender":"male",
        "pic":"https://images4.alphacoders.com/813/813003.jpg"
    },
    {
        "name":"Darth Vader",
        "height":"202",
        "mass":"136",
        "hair_color":"none",
        "skin_color":"white",
        "eye_color":"yellow",
        "birth_year":"41.9BBY",
        "gender":"male",
        "pic":"https://images4.alphacoders.com/813/813003.jpg"
    },
    {
        "name":"Darth Vader",
        "height":"202",
        "mass":"136",
        "hair_color":"none",
        "skin_color":"white",
        "eye_color":"yellow",
        "birth_year":"41.9BBY",
        "gender":"male",
        "pic":"https://images4.alphacoders.com/813/813003.jpg"
    },
    {
        "name":"Darth Vader",
        "height":"202",
        "mass":"136",
        "hair_color":"none",
        "skin_color":"white",
        "eye_color":"yellow",
        "birth_year":"41.9BBY",
        "gender":"male",
        "pic":"https://images4.alphacoders.com/813/813003.jpg"
    },
    {
        "name":"Darth Vader",
        "height":"202",
        "mass":"136",
        "hair_color":"none",
        "skin_color":"white",
        "eye_color":"yellow",
        "birth_year":"41.9BBY",
        "gender":"male",
        "pic":"https://images4.alphacoders.com/813/813003.jpg"
    },
    {
        "name":"Darth Vader",
        "height":"202",
        "mass":"136",
        "hair_color":"none",
        "skin_color":"white",
        "eye_color":"yellow",
        "birth_year":"41.9BBY",
        "gender":"male",
        "pic":"https://images4.alphacoders.com/813/813003.jpg"
    }
]
